id;visibility
b38392c5-8560-4d9a-828e-d5d4158fc7f9;PUBLIC
cefcf891-641f-42ff-9a30-8d41fdd40d12;PRIVATE
3a603f37-66e9-47d6-b77c-78ddf87d88a1;PUBLIC
ef01bcf4-693d-463b-a57c-3bb4090b815b;PRIVATE
f1aa2af2-c564-4f92-8271-2214c351e7ea;PRIVATE
27a0da20-d30b-4369-9e9b-845d114f4874;PRIVATE
0dc296ee-2b0a-4e8a-9114-0fee33b1b4d3;PUBLIC
bdea2440-b34c-4a5b-bc48-b2f435ed467c;PRIVATE
e4107f54-fc00-4b38-9496-b373d35f13cc;PRIVATE
63430917-3273-4257-90ed-a772368e4746;PRIVATE
b0a72e48-d459-4255-b91f-b91d8da76679;PUBLIC
0ad086a3-82c4-44d4-902d-d4ce0b88c217;PRIVATE
3ae7e9dc-d2fe-4e12-97f6-21ab05397bf1;PUBLIC
5965d6d7-137a-404d-81a2-3d711d0306ff;PRIVATE
efec89a1-1081-4e93-a067-ecb0cb868a65;PRIVATE
ca40e5e6-d3a0-414c-8100-08764186f0b9;PUBLIC
beac4477-47f9-47b4-80cd-47f5bbb59750;PUBLIC
ae6c4490-7ee9-4ee6-b88e-2f30cb2d8eed;PRIVATE
a27a521a-ca9d-434c-b6ce-cf560bbb5764;PRIVATE
e883f1cf-397c-4220-8e11-d5c158c7305d;PUBLIC
671a1719-60cb-4cfa-8e4e-260250710402;PRIVATE
eabd4bb2-a80f-4db9-a069-a67214250c52;PRIVATE
42fe5b54-6185-47cf-b230-977c0fcdfe68;PRIVATE
3617b538-49e7-418c-ad5f-02214734047d;PUBLIC
302c4c27-a427-45aa-80c8-368b20f8ab03;PUBLIC
63e06b1b-0cc0-4143-a28d-77d3a3d91288;PRIVATE
367a3592-3927-4f45-89d7-3831dbf9891e;PUBLIC
e50ed409-4fc0-402f-b544-ee04c4eadf65;PUBLIC
62bb1da8-8539-43c0-81a7-546c0c3bda97;PUBLIC
3351a1d5-d383-431f-8e6e-8e394ba9c53d;PUBLIC
